Source,Target,Mechanism,CooccurrenceFrequency,RelationType,CooccurrenceProbability
BDeGP,mDeGP,mono,0,v_shape,0
BHEP,mHEP,mono,0,sequential,0
DMEP,mMEP,mono,11,sequential,0.001271823
MEEMP,mMP,mono,0,v_shape,0
MEEMP,mMOEP,mono,0,paternal,0
DMP,mMP,mono,262,v_shape,0.030292519
BEEEP,mBEEEP,mono,0,sequential,0
MeVP,mMP,mono,0,v_shape,0
MeVP,mVP,mono,0,v_shape,0
MeEP,mMP,mono,0,v_shape,0
MeEP,mEP,mono,0,v_shape,0
BDHPP,mBP,mono,0,v_shape,0
BDHPP,mHBP,w-1-OH,0,v_shape,0
BDHPP,m2HBP,mOH,0,v_shape,0
BDHPP,mCPP,w-ab,0,v_shape,0
BDHPP,mDHPP,mono,0,paternal,0
DEEP,mEEP,mono,0,paternal,0
DEEP,mDeGP,w-OH,0,v_shape,0
DVP,mVP,mono,0,v_shape,0
DEP,mEP,mono,591,v_shape,0.068331599
EVP,mVP,mono,0,v_shape,0
EVP,mEP,mono,0,v_shape,0
BMOPP,mMOPP,mono,0,sequential,0
DiPrP,miPrP,mono,4,sequential,0.000462481
EiBP,mEP,mono,0,v_shape,0
EiBP,miBP,mono,0,v_shape,0
EiBP,m3HIBP,w-OH,0,v_shape,0
EiBP,mHIBP,w-1-OH,0,v_shape,0
DAlP,mAlP,mono,0,sequential,0
BMP,mMP,mono,0,v_shape,0
BMP,mBP,mono,0,v_shape,0
BMP,mHBP,w-1-OH,0,v_shape,0
BMP,m2HBP,mOH,0,v_shape,0
BMP,mCPP,w-ab,0,v_shape,0
DtBP,mtBP,mono,0,sequential,0
BEP,mEP,mono,0,v_shape,0
BEP,mBP,mono,0,v_shape,0
BEP,mHBP,w-1-OH,0,v_shape,0
BEP,m2HBP,mOH,0,v_shape,0
BEP,mCPP,w-ab,0,v_shape,0
DsBP,msBP,mono,0,v_shape,0
DsBP,msHBP,mOH,0,v_shape,0
DPrP,mPrP,mono,12,sequential,0.001387444
DiBP,miBP,mono,334,v_shape,0.038617181
DiBP,m3HIBP,w-OH,0,v_shape,0
DiBP,mHIBP,w-1-OH,1,v_shape,0.00011562
DCPP,mCOPP,mono,0,sequential,0
BBEEP,mBEEP,mono,0,sequential,0
MeEHP,mMP,mono,0,v_shape,0
MeEHP,mEHP,mono,0,v_shape,0
MeEHP,mEHHP,w-1-OH,0,v_shape,0
MeEHP,mEOHP,w-1-oxo,0,v_shape,0
MeEHP,mECPP,w-COOH,0,v_shape,0
MeEHP,mCMHP,w-COOH-br,0,v_shape,0
MeEHP,mCPP,w-ab,0,v_shape,0
DBEP,mBEP,mono,0,v_shape,0
DPhP,mPhP,mono,1,sequential,0.00011562
HMP,mMP,mono,0,v_shape,0
HMP,mHP,mono,0,v_shape,0
HMP,mHHP,w-1-OH,0,v_shape,0
HMP,mOHP,w-1-oxo,0,v_shape,0
HMP,m5CPP,w-COOH,0,v_shape,0
HMP,mCPP,w-ab,0,v_shape,0
DBP,mBP,mono,897,v_shape,0.103711412
DBP,mHBP,w-1-OH,14,v_shape,0.001618684
DBP,m2HBP,mOH,3,v_shape,0.000346861
DBP,mCPP,w-ab,221,v_shape,0.025552087
CiBP,mCHP,mono,0,v_shape,0
CiBP,miBP,mono,0,v_shape,0
CiBP,m3HIBP,w-OH,0,v_shape,0
CiBP,mHIBP,w-1-OH,0,v_shape,0
BuEBP,mBEP,mono,0,v_shape,0
BuEBP,mBP,mono,0,v_shape,0
BuEBP,mHBP,w-1-OH,0,v_shape,0
BuEBP,m2HBP,mOH,0,v_shape,0
BuEBP,mCPP,w-ab,0,v_shape,0
BsBP,mBP,mono,0,v_shape,0
BsBP,mHBP,w-1-OH,0,v_shape,0
BsBP,m2HBP,mOH,0,v_shape,0
BsBP,mCPP,w-ab,0,v_shape,0
BsBP,msBP,mono,0,v_shape,0
BsBP,msHBP,mOH,0,v_shape,0
BiBP,mBP,mono,1,v_shape,0.00011562
BiBP,mHBP,w-1-OH,0,v_shape,0
BiBP,m2HBP,mOH,0,v_shape,0
BiBP,mCPP,w-ab,0,v_shape,0
BiBP,miBP,mono,1,v_shape,0.00011562
BiBP,m3HIBP,w-OH,0,v_shape,0
BiBP,mHIBP,w-1-OH,0,v_shape,0
BBzP,mBzP,mono,463,v_shape,0.0535322
BBzP,mBP,mono,547,v_shape,0.063244306
BBzP,mHBP,w-1-OH,14,v_shape,0.001618684
BBzP,m2HBP,mOH,3,v_shape,0.000346861
BBzP,mCPP,w-ab,134,v_shape,0.015493121
DCHP,mCHP,mono,69,v_shape,0.007977801
DBzP,mBzP,mono,252,v_shape,0.029136316
BCHP,mBP,mono,0,v_shape,0
BCHP,mHBP,w-1-OH,0,v_shape,0
BCHP,m2HBP,mOH,0,v_shape,0
BCHP,mCPP,w-ab,0,v_shape,0
BCHP,mCHP,mono,0,v_shape,0
BEBP,mEBP,mono,0,paternal,0
BEBP,mHEBP,w-1-OH,0,paternal,0
BEBP,mOEBP,w-1-oxo,0,paternal,0
BEBP,mCEPP,w-COOH,0,paternal,0
BEBP,mCPP,w-ab,0,v_shape,0
BMPP,mMPP,mono,0,paternal,0
BMPP,mHMPP,w-1-OH,0,paternal,0
BMPP,mOMPP,w-1-oxo,0,paternal,0
BMPP,40CMP,w-COOH,0,paternal,0
BMPP,mCPP,w-ab,0,v_shape,0
MeOP,mMP,mono,0,v_shape,0
MeOP,mOP,mono,0,v_shape,0
MeOP,mHOP,w-1-OH,0,v_shape,0
MeOP,mOOP,w-1-oxo,0,v_shape,0
MeOP,mCHpP,w-COOH,0,v_shape,0
MeOP,mCPP,w-ab,0,v_shape,0
DiPP,miPP,mono,3,paternal,0.000346861
DiPP,m3HPP,w-1-OH,1,paternal,0.00011562
DiPP,m4HPeP,w-OH,1,paternal,0.00011562
DiPP,42CMP,w-COOH,0,paternal,0
DiPP,mCPP,w-ab,3,v_shape,0.000346861
BEHP,mBP,mono,0,v_shape,0
BEHP,mHBP,w-1-OH,0,v_shape,0
BEHP,m2HBP,mOH,0,v_shape,0
BEHP,mEHP,mono,0,v_shape,0
BEHP,mEHHP,w-1-OH,0,v_shape,0
BEHP,mEOHP,w-1-oxo,0,v_shape,0
BEHP,mECPP,w-COOH,0,v_shape,0
BEHP,mCMHP,w-COOH-br,0,v_shape,0
BEHP,mCPP,w-ab,0,v_shape,0
BMePP,mMePP,mono,0,paternal,0
BMePP,mHMePP,w-1-OH,0,paternal,0
BMePP,mOMePP,w-1-oxo,0,paternal,0
BMePP,44CMP,w-COOH,0,paternal,0
BMePP,mCPP,w-ab,0,v_shape,0
BEBuP,mEBuP,mono,0,paternal,0
BEBuP,mHEBuP,w-1-OH,0,paternal,0
BEBuP,mOEBuP,w-1-oxo,0,paternal,0
BEBuP,45CMP,w-COOH,0,paternal,0
BEBuP,mCPP,w-ab,0,v_shape,0
BHP,mBP,mono,0,v_shape,0
BHP,m2HBP,mOH,0,v_shape,0
BHP,mHBP,w-1-OH,0,v_shape,0
BHP,mHP,mono,0,v_shape,0
BHP,mHHP,w-1-OH,0,v_shape,0
BHP,mOHP,w-1-oxo,0,v_shape,0
BHP,m5CPP,w-COOH,0,v_shape,0
BHP,mCPP,w-ab,0,v_shape,0
DPP,mPP,mono,41,v_shape,0.004740432
DPP,m4HPP,w-1-OH,6,v_shape,0.000693722
DPP,m4OPP,w-1-oxo,0,v_shape,0
DPP,mCBP,w-COOH,1,v_shape,0.00011562
DPP,mCPP,w-ab,26,v_shape,0.003006128
DHeP,mHexP,mono,0,sequential,0
B2MePP,m2MePP,mono,0,paternal,0
B2MePP,mH2MePP,w-1-OH,0,paternal,0
B2MePP,mO2MePP,w-1-oxo,0,paternal,0
B2MePP,49CMP,w-COOH,0,paternal,0
B2MePP,mCPP,w-ab,0,v_shape,0
DiHP,miHP,mono,0,paternal,0
DiHP,miHHP,w-1-OH,0,paternal,0
DiHP,50CMP,w-COOH,0,paternal,0
B3MePP,m3MePP,mono,0,paternal,0
B3MePP,mH3MePP,w-1-OH,0,paternal,0
B3MePP,mO3MePP,w-1-oxo,0,paternal,0
B3MePP,51CMP,w-COOH,0,paternal,0
B3MePP,mCPP,w-ab,0,v_shape,0
HEHP,mHP,mono,0,v_shape,0
HEHP,mHHP,w-1-OH,0,v_shape,0
HEHP,mOHP,w-1-oxo,0,v_shape,0
HEHP,m5CPP,w-COOH,0,v_shape,0
HEHP,mCPP,w-ab,0,v_shape,0
HEHP,mEHP,mono,0,v_shape,0
HEHP,mEHHP,w-1-OH,0,v_shape,0
HEHP,mEOHP,w-1-oxo,0,v_shape,0
HEHP,mECPP,w-COOH,0,v_shape,0
HEHP,mCMHP,w-COOH-br,0,v_shape,0
BuMHP,mBP,mono,0,v_shape,0
BuMHP,m2HBP,mOH,0,v_shape,0
BuMHP,mHBP,w-1-OH,0,v_shape,0
BuMHP,mMHP,Unknown,0,v_shape,0
BuMHP,mHMHP,w-1-OH,0,v_shape,0
BuMHP,mOMHP,w-1-oxo,0,v_shape,0
BuMHP,66CMP,w-COOH,0,v_shape,0
BuMHP,mCPP,w-ab,0,v_shape,0
BPhPP,mPhPP,mono,0,sequential,0
BOP,mBP,mono,0,v_shape,0
BOP,m2HBP,mOH,0,v_shape,0
BOP,mHBP,w-1-OH,0,v_shape,0
BOP,mOP,mono,0,v_shape,0
BOP,mHOP,w-1-OH,0,v_shape,0
BOP,mOOP,w-1-oxo,0,v_shape,0
BOP,mCHpP,w-COOH,0,v_shape,0
BOP,mCPP,w-ab,0,v_shape,0
DHP,mHP,mono,18,v_shape,0.002081165
DHP,mHHP,w-1-OH,0,v_shape,0
DHP,mOHP,w-1-oxo,0,v_shape,0
DHP,m5CPP,w-COOH,0,v_shape,0
DHP,mCPP,w-ab,15,v_shape,0.001734305
DEMPP,mEMPP,mono,0,paternal,0
DEMPP,mHEMPP,w-1-OH,0,paternal,0
DEMPP,mOEMPP,w-1-oxo,0,paternal,0
DEMPP,57CMP,w-COOH,0,paternal,0
DEMPP,mCPP,w-ab,0,v_shape,0
BeOP,mBzP,mono,0,v_shape,0
BeOP,mOP,mono,0,v_shape,0
BeOP,mHOP,w-1-OH,0,v_shape,0
BeOP,mOOP,w-1-oxo,0,v_shape,0
BeOP,mCHpP,w-COOH,0,v_shape,0
BeOP,mCPP,w-ab,0,v_shape,0
CiOP,mCHP,mono,0,v_shape,0
CiOP,miOP,mono,0,v_shape,0
CiOP,mHiOP,w-1-OH,0,v_shape,0
CiOP,71CMP,w-COOH,0,v_shape,0
CiOP,mCPP,w-ab,0,v_shape,0
BNP,mBP,mono,0,v_shape,0
BNP,m2HBP,mOH,0,v_shape,0
BNP,mHBP,w-1-OH,0,v_shape,0
BNP,mNP,mono,0,v_shape,0
BNP,mHNP,w-1-OH,0,v_shape,0
BNP,mONP,w-1-oxo,0,v_shape,0
BNP,m8COP,w-COOH,0,v_shape,0
BNP,mCPP,w-ab,0,v_shape,0
DiHpP,miHpP,mono,0,paternal,0
DiHpP,mHiHpP,w-1-OH,0,paternal,0
DiHpP,61CMP,w-COOH,0,paternal,0
DiHpP,mCPP,w-ab,9,v_shape,0.001040583
DPrPP,mPrPP,mono,0,paternal,0
DPrPP,mHPrPP,w-1-OH,0,paternal,0
DPrPP,mOPrPP,w-1-oxo,0,paternal,0
DPrPP,62CMP,w-COOH,0,paternal,0
DPrPP,mCPP,w-ab,0,v_shape,0
DEHP,mEHP,mono,1417,v_shape,0.163833969
DEHP,mEHHP,w-1-OH,637,v_shape,0.073650133
DEHP,mEOHP,w-1-oxo,666,v_shape,0.077003122
DEHP,mECPP,w-COOH,490,v_shape,0.056653948
DEHP,mCMHP,w-COOH-br,144,v_shape,0.016649324
DEHP,mCPP,w-ab,261,v_shape,0.030176899
BMNP,mBP,mono,0,v_shape,0
BMNP,m2HBP,mOH,0,v_shape,0
BMNP,mHBP,w-1-OH,0,v_shape,0
BMNP,miDP,mono,0,v_shape,0
BMNP,mHiDP,w-1-OH,0,v_shape,0
BMNP,mCiNP,w-COOH,0,v_shape,0
BMNP,mCPP,w-ab,0,v_shape,0
HiOP,mHP,mono,0,v_shape,0
HiOP,mHHP,w-1-OH,0,v_shape,0
HiOP,mOHP,w-1-oxo,0,v_shape,0
HiOP,m5CPP,w-COOH,0,v_shape,0
HiOP,mCPP,w-ab,0,v_shape,0
HiOP,miOP,mono,0,v_shape,0
HiOP,mHiOP,w-1-OH,0,v_shape,0
HiOP,71CMP,w-COOH,0,v_shape,0
DHpP,mHpP,mono,9,v_shape,0.001040583
DHpP,mHHpP,w-1-OH,0,v_shape,0
DHpP,mOHpP,w-1-oxo,0,v_shape,0
DHpP,mCHxP,w-COOH,0,v_shape,0
DHpP,mCPP,w-ab,8,v_shape,0.000924962
BMHP,mMHP,mono,0,v_shape,0
BMHP,mHMHP,w-1-OH,0,v_shape,0
BMHP,mOMHP,w-1-oxo,0,v_shape,0
BMHP,66CMP,w-COOH,0,v_shape,0
BMHP,mCPP,w-ab,0,v_shape,0
MNPMP,miDP,mono,0,v_shape,0
MNPMP,mHiDP,w-1-OH,0,v_shape,0
MNPMP,mCiNP,w-COOH,0,v_shape,0
MNPMP,mCPP,w-ab,0,v_shape,0
MNPMP,mBzP,mono,0,v_shape,0
BDP,mBP,mono,0,v_shape,0
BDP,m2HBP,mOH,0,v_shape,0
BDP,mHBP,w-1-OH,0,v_shape,0
BDP,mDP,mono,0,v_shape,0
BDP,m9PHHP,w-1-OH,0,v_shape,0
BDP,m9POHP,w-1-oxo,0,v_shape,0
BDP,mPHHP,mOH,0,v_shape,0
BDP,m1POHP,moxo,0,v_shape,0
BDP,mCNP,w-COOH,0,v_shape,0
BDP,mCPP,w-ab,0,v_shape,0
NPP,mNP,mono,0,v_shape,0
NPP,mHNP,w-1-OH,0,v_shape,0
NPP,mONP,w-1-oxo,0,v_shape,0
NPP,m8COP,w-COOH,0,v_shape,0
NPP,mCPP,w-ab,0,v_shape,0
NPP,mPP,mono,0,v_shape,0
NPP,m4HPP,w-1-OH,0,v_shape,0
NPP,m4OPP,w-1-oxo,0,v_shape,0
NPP,mCBP,w-COOH,0,v_shape,0
DiOP,miOP,mono,0,v_shape,0
DiOP,mHiOP,w-1-OH,0,v_shape,0
DiOP,71CMP,w-COOH,0,v_shape,0
DiOP,mCPP,w-ab,5,v_shape,0.000578102
EHiDP,mEHP,mono,0,v_shape,0
EHiDP,mEHHP,w-1-OH,0,v_shape,0
EHiDP,mEOHP,w-1-oxo,0,v_shape,0
EHiDP,mECPP,w-COOH,0,v_shape,0
EHiDP,mCMHP,w-COOH-br,0,v_shape,0
EHiDP,mCPP,w-ab,0,v_shape,0
EHiDP,miDP,mono,0,v_shape,0
EHiDP,mHiDP,w-1-OH,0,v_shape,0
EHiDP,mCiNP,w-COOH,0,v_shape,0
HiDP,mHP,mono,0,v_shape,0
HiDP,mHHP,w-1-OH,0,v_shape,0
HiDP,mOHP,w-1-oxo,0,v_shape,0
HiDP,m5CPP,w-COOH,0,v_shape,0
HiDP,mCPP,w-ab,0,v_shape,0
HiDP,miDP,mono,0,v_shape,0
HiDP,mHiDP,w-1-OH,0,v_shape,0
HiDP,mCiNP,w-COOH,0,v_shape,0
iNiOP,miNP,mono,0,v_shape,0
iNiOP,mHiNP,w-1-OH,0,v_shape,0
iNiOP,mCiOP,w-COOH,0,v_shape,0
iNiOP,mCPP,w-ab,0,v_shape,0
iNiOP,miOP,mono,0,v_shape,0
iNiOP,mHiOP,w-1-OH,0,v_shape,0
iNiOP,71CMP,w-COOH,0,v_shape,0
DPrHP,mPrHP,mono,39,paternal,0.004509192
DPrHP,mHPrHP,w-1-OH,5,paternal,0.000578102
DPrHP,mPOHP,w-1-oxo,7,paternal,0.000809342
DPrHP,mPCHP,w-COOH,3,paternal,0.000346861
DPrHP,mCPP,w-ab,22,v_shape,0.002543647
HNP,mHpP,mono,0,v_shape,0
HNP,mHHpP,w-1-OH,0,v_shape,0
HNP,mOHpP,w-1-oxo,0,v_shape,0
HNP,mCHxP,w-COOH,0,v_shape,0
HNP,mCPP,w-ab,0,v_shape,0
HNP,mNP,mono,0,v_shape,0
HNP,mHNP,w-1-OH,0,v_shape,0
HNP,mONP,w-1-oxo,0,v_shape,0
HNP,m8COP,w-COOH,0,v_shape,0
DOP,mOP,mono,144,v_shape,0.016649324
DOP,mHOP,w-1-OH,0,v_shape,0
DOP,mOOP,w-1-oxo,0,v_shape,0
DOP,mCHpP,w-COOH,5,v_shape,0.000578102
DOP,mCPP,w-ab,135,v_shape,0.015608741
HDP,mHP,mono,0,v_shape,0
HDP,mHHP,w-1-OH,0,v_shape,0
HDP,mOHP,w-1-oxo,0,v_shape,0
HDP,m5CPP,w-COOH,0,v_shape,0
HDP,mCPP,w-ab,0,v_shape,0
HDP,mDP,mono,0,v_shape,0
HDP,m9PHHP,w-1-OH,0,v_shape,0
HDP,m9POHP,w-1-oxo,0,v_shape,0
HDP,mPHHP,mOH,0,v_shape,0
HDP,m1POHP,moxo,0,v_shape,0
HDP,mCNP,w-COOH,0,v_shape,0
BCHPP,mCHxPP,mono,0,sequential,0
iONP,miOP,mono,0,v_shape,0
iONP,mHiOP,w-1-OH,0,v_shape,0
iONP,71CMP,w-COOH,0,v_shape,0
iONP,mCPP,w-ab,0,v_shape,0
iONP,mNP,mono,0,v_shape,0
iONP,mHNP,w-1-OH,0,v_shape,0
iONP,mONP,w-1-oxo,0,v_shape,0
iONP,m8COP,w-COOH,0,v_shape,0
iDiOP,miDP,mono,0,v_shape,0
iDiOP,mHiDP,w-1-OH,0,v_shape,0
iDiOP,mCiNP,w-COOH,0,v_shape,0
iDiOP,mCPP,w-ab,0,v_shape,0
iDiOP,miOP,mono,0,v_shape,0
iDiOP,mHiOP,w-1-OH,0,v_shape,0
iDiOP,71CMP,w-COOH,0,v_shape,0
BMOP,mMOP,mono,0,paternal,0
BMOP,mHMOP,w-1-OH,0,paternal,0
BMOP,mOMOP,w-1-oxo,0,paternal,0
BMOP,81CMP,w-COOH,0,paternal,0
BMOP,mCPP,w-ab,0,v_shape,0
B4MOP,m4MOP,mono,0,paternal,0
B4MOP,mH4MOP,w-1-OH,0,paternal,0
B4MOP,mO4MOP,w-1-oxo,0,paternal,0
B4MOP,mCMEHP,w-COOH,0,paternal,0
B4MOP,mCPP,w-ab,0,v_shape,0
DiNP,miNP,mono,265,v_shape,0.03063938
DiNP,mHiNP,mOH,55,v_shape,0.006359117
DiNP,mCiOP,w-COOH,52,v_shape,0.006012256
DiNP,mCPP,w-ab,148,v_shape,0.017111805
iDOP,miDP,mono,0,v_shape,0
iDOP,mHiDP,w-1-OH,0,v_shape,0
iDOP,mCiNP,w-COOH,0,v_shape,0
iDOP,mCPP,w-ab,0,v_shape,0
iDOP,mOP,mono,0,v_shape,0
iDOP,mHOP,w-1-OH,0,v_shape,0
iDOP,mOOP,w-1-oxo,0,v_shape,0
iDOP,mCHpP,w-COOH,0,v_shape,0
DeiOP,mDP,mono,0,v_shape,0
DeiOP,m9PHHP,w-1-OH,0,v_shape,0
DeiOP,m9POHP,w-1-oxo,0,v_shape,0
DeiOP,mPHHP,mOH,0,v_shape,0
DeiOP,m1POHP,moxo,0,v_shape,0
DeiOP,mCNP,w-COOH,0,v_shape,0
DeiOP,mCPP,w-ab,0,v_shape,0
DeiOP,miOP,mono,0,v_shape,0
DeiOP,mHiOP,w-1-OH,0,v_shape,0
DeiOP,71CMP,w-COOH,0,v_shape,0
iNNP,miNP,mono,0,v_shape,0
iNNP,mHiNP,w-1-OH,0,v_shape,0
iNNP,mCiOP,w-COOH,0,v_shape,0
iNNP,mCPP,w-ab,0,v_shape,0
iNNP,mNP,mono,0,v_shape,0
iNNP,mHNP,w-1-OH,0,v_shape,0
iNNP,mONP,w-1-oxo,0,v_shape,0
iNNP,m8COP,w-COOH,0,v_shape,0
ODP,mOP,mono,0,v_shape,0
ODP,mHOP,w-1-OH,0,v_shape,0
ODP,mOOP,w-1-oxo,0,v_shape,0
ODP,mCHpP,w-COOH,0,v_shape,0
ODP,mCPP,w-ab,0,v_shape,0
ODP,mDP,mono,0,v_shape,0
ODP,m9PHHP,w-1-OH,0,v_shape,0
ODP,m9POHP,w-1-oxo,0,v_shape,0
ODP,mPHHP,mOH,0,v_shape,0
ODP,m1POHP,moxo,0,v_shape,0
ODP,mCNP,w-COOH,0,v_shape,0
HUP,mHpP,mono,0,v_shape,0
HUP,mHHpP,w-1-OH,0,v_shape,0
HUP,mOHpP,w-1-oxo,0,v_shape,0
HUP,mCHxP,w-COOH,0,v_shape,0
HUP,mCPP,w-ab,0,v_shape,0
HUP,mUP,mono,0,v_shape,0
HUP,mHUP,w-1-OH,0,v_shape,0
HUP,mOUP,w-1-oxo,0,v_shape,0
HUP,mCDP,w-COOH,0,v_shape,0
DNP,mNP,mono,3,v_shape,0.000346861
DNP,mHNP,w-1-OH,0,v_shape,0
DNP,mONP,w-1-oxo,0,v_shape,0
DNP,m8COP,w-COOH,0,v_shape,0
DNP,mCPP,w-ab,13,v_shape,0.001503064
iDiNP,miDP,mono,0,v_shape,0
iDiNP,mHiDP,w-1-OH,0,v_shape,0
iDiNP,mCiNP,w-COOH,0,v_shape,0
iDiNP,mCPP,w-ab,0,v_shape,0
iDiNP,miNP,mono,0,v_shape,0
iDiNP,mHiNP,w-1-OH,0,v_shape,0
iDiNP,mCiOP,w-COOH,0,v_shape,0
iOiUP,miOP,mono,0,v_shape,0
iOiUP,mHiOP,w-1-OH,0,v_shape,0
iOiUP,71CMP,w-COOH,0,v_shape,0
iOiUP,mCPP,w-ab,0,v_shape,0
iOiUP,miUP,mono,0,v_shape,0
iOiUP,mHiUP,w-1-OH,0,v_shape,0
iOiUP,109CMP,w-COOH,0,v_shape,0
DDcP,mDcP,mono,0,sequential,0
iOUP,miOP,mono,0,v_shape,0
iOUP,mHiOP,w-1-OH,0,v_shape,0
iOUP,71CMP,w-COOH,0,v_shape,0
iOUP,mCPP,w-ab,0,v_shape,0
iOUP,mUP,mono,0,v_shape,0
iOUP,mHUP,w-1-OH,0,v_shape,0
iOUP,mOUP,w-1-oxo,0,v_shape,0
iOUP,mCDP,w-COOH,0,v_shape,0
DeiNP,mDP,mono,0,v_shape,0
DeiNP,m9PHHP,w-1-OH,0,v_shape,0
DeiNP,m9POHP,w-1-oxo,0,v_shape,0
DeiNP,mPHHP,mOH,0,v_shape,0
DeiNP,m1POHP,moxo,0,v_shape,0
DeiNP,mCNP,w-COOH,0,v_shape,0
DeiNP,mCPP,w-ab,0,v_shape,0
DeiNP,miUP,mono,0,v_shape,0
DeiNP,mHiUP,w-1-OH,0,v_shape,0
DeiNP,109CMP,w-COOH,0,v_shape,0
HiTP,mHP,mono,0,v_shape,0
HiTP,mHHP,w-1-OH,0,v_shape,0
HiTP,mOHP,w-1-oxo,0,v_shape,0
HiTP,m5CPP,w-COOH,0,v_shape,0
HiTP,mCPP,w-ab,0,v_shape,0
HiTP,miTP,mono,0,v_shape,0
HiTP,mHiTP,w-1-OH,0,v_shape,0
HiTP,121CMP,w-COOH,0,v_shape,0
iDNP,miDP,mono,0,v_shape,0
iDNP,mHiDP,w-1-OH,0,v_shape,0
iDNP,mCiNP,w-COOH,0,v_shape,0
iDNP,mCPP,w-ab,0,v_shape,0
iDNP,mNP,mono,0,v_shape,0
iDNP,mHNP,w-1-OH,0,v_shape,0
iDNP,mONP,w-1-oxo,0,v_shape,0
iDNP,m8COP,w-COOH,0,v_shape,0
iNiUP,miNP,mono,0,v_shape,0
iNiUP,mHiNP,w-1-OH,0,v_shape,0
iNiUP,mCiOP,w-COOH,0,v_shape,0
iNiUP,mCPP,w-ab,0,v_shape,0
iNiUP,miUP,mono,0,v_shape,0
iNiUP,mHiUP,w-1-OH,0,v_shape,0
iNiUP,109CMP,w-COOH,0,v_shape,0
DiDP,miDP,mono,59,v_shape,0.006821598
DiDP,mHiDP,w-1-OH,0,v_shape,0
DiDP,mCiNP,w-COOH,0,v_shape,0
DiDP,mCPP,w-ab,86,v_shape,0.009943346
DeNP,mDP,mono,0,v_shape,0
DeNP,m9PHHP,w-1-OH,0,v_shape,0
DeNP,m9POHP,w-1-oxo,0,v_shape,0
DeNP,mPHHP,mOH,0,v_shape,0
DeNP,m1POHP,moxo,0,v_shape,0
DeNP,mCNP,w-COOH,0,v_shape,0
DeNP,mCPP,w-ab,0,v_shape,0
DeNP,mNP,mono,0,v_shape,0
DeNP,mHNP,w-1-OH,0,v_shape,0
DeNP,mONP,w-1-oxo,0,v_shape,0
DeNP,m8COP,w-COOH,0,v_shape,0
iNUP,miNP,mono,0,v_shape,0
iNUP,mHiNP,w-1-OH,0,v_shape,0
iNUP,mCiOP,w-COOH,0,v_shape,0
iNUP,mCPP,w-ab,0,v_shape,0
iNUP,mUP,mono,0,v_shape,0
iNUP,mHUP,w-1-OH,0,v_shape,0
iNUP,mOUP,w-1-oxo,0,v_shape,0
iNUP,mCDP,w-COOH,0,v_shape,0
iUNP,miUP,mono,0,v_shape,0
iUNP,mHiUP,w-1-OH,0,v_shape,0
iUNP,109CMP,w-COOH,0,v_shape,0
iUNP,mCPP,w-ab,0,v_shape,0
iUNP,mNP,mono,0,v_shape,0
iUNP,mHNP,w-1-OH,0,v_shape,0
iUNP,mONP,w-1-oxo,0,v_shape,0
iUNP,m8COP,w-COOH,0,v_shape,0
NUP,mNP,mono,0,v_shape,0
NUP,mHNP,w-1-OH,0,v_shape,0
NUP,mONP,w-1-oxo,0,v_shape,0
NUP,m8COP,w-COOH,0,v_shape,0
NUP,mCPP,w-ab,0,v_shape,0
NUP,mUP,mono,0,v_shape,0
NUP,mHUP,w-1-OH,0,v_shape,0
NUP,mOUP,w-1-oxo,0,v_shape,0
NUP,mCDP,w-COOH,0,v_shape,0
DDP,mDP,mono,0,v_shape,0
DDP,m9PHHP,w-1-OH,0,v_shape,0
DDP,m9POHP,w-1-oxo,0,v_shape,0
DDP,mPHHP,mOH,0,v_shape,0
DDP,m1POHP,moxo,0,v_shape,0
DDP,mCNP,w-COOH,0,v_shape,0
DDP,mCPP,w-ab,4,v_shape,0.000462481
DeiUP,mDP,mono,0,v_shape,0
DeiUP,m9PHHP,w-1-OH,0,v_shape,0
DeiUP,m9POHP,w-1-oxo,0,v_shape,0
DeiUP,mPHHP,mOH,0,v_shape,0
DeiUP,m1POHP,moxo,0,v_shape,0
DeiUP,mCNP,w-COOH,0,v_shape,0
DeiUP,mCPP,w-ab,0,v_shape,0
DeiUP,miUP,mono,0,v_shape,0
DeiUP,mHiUP,w-1-OH,0,v_shape,0
DeiUP,109CMP,w-COOH,0,v_shape,0
iDUP,miDP,mono,0,v_shape,0
iDUP,mHiDP,w-1-OH,0,v_shape,0
iDUP,mCiNP,w-COOH,0,v_shape,0
iDUP,mCPP,w-ab,0,v_shape,0
iDUP,mUP,mono,0,v_shape,0
iDUP,mHUP,w-1-OH,0,v_shape,0
iDUP,mOUP,w-1-oxo,0,v_shape,0
iDUP,mCDP,w-COOH,0,v_shape,0
NTP,mNP,mono,0,v_shape,0
NTP,mHNP,w-1-OH,0,v_shape,0
NTP,mONP,w-1-oxo,0,v_shape,0
NTP,m8COP,w-COOH,0,v_shape,0
NTP,mCPP,w-ab,0,v_shape,0
NTP,mTDP,mono,0,paternal,0
NTP,mHTDP,w-1-OH,0,paternal,0
NTP,mOTDP,w-1-oxo,0,paternal,0
NTP,107CMP,w-COOH,0,paternal,0
iNiTP,miNP,mono,0,v_shape,0
iNiTP,mHiNP,w-1-OH,0,v_shape,0
iNiTP,mCiOP,w-COOH,0,v_shape,0
iNiTP,mCPP,w-ab,0,v_shape,0
iNiTP,miTP,mono,0,v_shape,0
iNiTP,mHiTP,w-1-OH,0,v_shape,0
iNiTP,121CMP,w-COOH,0,v_shape,0
DiUP,miUP,mono,0,v_shape,0
DiUP,mHiUP,w-1-OH,0,v_shape,0
DiUP,109CMP,w-COOH,0,v_shape,0
DiUP,mCPP,w-ab,1,v_shape,0.00011562
DeUP,mDP,mono,0,v_shape,0
DeUP,m9PHHP,w-1-OH,0,v_shape,0
DeUP,m9POHP,w-1-oxo,0,v_shape,0
DeUP,mPHHP,mOH,0,v_shape,0
DeUP,m1POHP,moxo,0,v_shape,0
DeUP,mCNP,w-COOH,0,v_shape,0
DeUP,mCPP,w-ab,0,v_shape,0
DeUP,mUP,mono,0,v_shape,0
DeUP,mHUP,w-1-OH,0,v_shape,0
DeUP,mOUP,w-1-oxo,0,v_shape,0
DeUP,mCDP,w-COOH,0,v_shape,0
BTNP,mTNP,mono,0,paternal,0
BTNP,mHTNP,w-1-OH,0,paternal,0
BTNP,111CMP,w-COOH,0,paternal,0
BTNP,mCPP,w-ab,0,v_shape,0
iUUP,miUP,mono,0,v_shape,0
iUUP,mHiUP,w-1-OH,0,v_shape,0
iUUP,109CMP,w-COOH,0,v_shape,0
iUUP,mCPP,w-ab,0,v_shape,0
iUUP,mUP,mono,0,v_shape,0
iUUP,mHUP,w-1-OH,0,v_shape,0
iUUP,mOUP,w-1-oxo,0,v_shape,0
iUUP,mCDP,w-ab,0,v_shape,0
iTNP,miTP,mono,0,v_shape,0
iTNP,mHiTP,w-1-OH,0,v_shape,0
iTNP,121CMP,w-COOH,0,v_shape,0
iTNP,mCPP,w-ab,0,v_shape,0
iTNP,mNP,mono,0,v_shape,0
iTNP,mHNP,w-1-OH,0,v_shape,0
iTNP,mONP,w-1-oxo,0,v_shape,0
iTNP,m8COP,w-COOH,0,v_shape,0
DUP,mUP,mono,1,v_shape,0.00011562
DUP,mHUP,w-1-OH,1,v_shape,0.00011562
DUP,mOUP,w-1-oxo,1,v_shape,0.00011562
DUP,mCDP,w-COOH,1,v_shape,0.00011562
DUP,mCPP,w-ab,1,v_shape,0.00011562
iDiTP,miDP,mono,0,v_shape,0
iDiTP,mHiDP,w-1-OH,0,v_shape,0
iDiTP,mCiNP,w-COOH,0,v_shape,0
iDiTP,mCPP,w-ab,0,v_shape,0
iDiTP,miTP,mono,0,v_shape,0
iDiTP,mHiTP,w-1-OH,0,v_shape,0
iDiTP,121CMP,w-COOH,0,v_shape,0
iDTP,miDP,mono,0,v_shape,0
iDTP,mHiDP,w-1-OH,0,v_shape,0
iDTP,mCiNP,w-COOH,0,v_shape,0
iDTP,mCPP,w-ab,0,v_shape,0
iDTP,mTP,mono,0,v_shape,0
iDTP,mHTP,w-1-OH,0,v_shape,0
iDTP,mOTP,w-1-oxo,0,v_shape,0
iDTP,122CMP,w-COOH,0,v_shape,0
DeiTP,mDP,mono,0,v_shape,0
DeiTP,m9PHHP,w-1-OH,0,v_shape,0
DeiTP,m9POHP,w-1-oxo,0,v_shape,0
DeiTP,mPHHP,mOH,0,v_shape,0
DeiTP,m1POHP,moxo,0,v_shape,0
DeiTP,mCNP,w-COOH,0,v_shape,0
DeiTP,mCPP,w-ab,0,v_shape,0
DeiTP,miTP,mono,0,v_shape,0
DeiTP,mHiTP,w-1-OH,0,v_shape,0
DeiTP,121CMP,w-COOH,0,v_shape,0
iTiUP,miTP,mono,0,v_shape,0
iTiUP,mHiTP,w-1-OH,0,v_shape,0
iTiUP,121CMP,w-COOH,0,v_shape,0
iTiUP,mCPP,w-ab,0,v_shape,0
iTiUP,miUP,mono,0,v_shape,0
iTiUP,mHiUP,w-1-OH,0,v_shape,0
iTiUP,109CMP,w-COOH,0,v_shape,0
iTUP,miTP,mono,0,v_shape,0
iTUP,mHiTP,w-1-OH,0,v_shape,0
iTUP,121CMP,w-COOH,0,v_shape,0
iTUP,mCPP,w-ab,0,v_shape,0
iTUP,mUP,mono,0,v_shape,0
iTUP,mHUP,w-1-OH,0,v_shape,0
iTUP,mOUP,w-1-oxo,0,v_shape,0
iTUP,mCDP,w-COOH,0,v_shape,0
DDdP,mDdP,mono,0,paternal,0
DDdP,mHDdP,w-1-OH,0,paternal,0
DDdP,mODdP,w-1-oxo,0,paternal,0
DDdP,120CMP,w-COOH,0,paternal,0
DDdP,mCPP,w-ab,0,v_shape,0
DiTP,miTP,mono,0,v_shape,0
DiTP,mHiTP,w-1-OH,0,v_shape,0
DiTP,121CMP,w-COOH,0,v_shape,0
DiTP,mCPP,w-ab,0,v_shape,0
DTP,mTP,mono,0,v_shape,0
DTP,mHTP,w-1-OH,0,v_shape,0
DTP,mOTP,w-1-oxo,0,v_shape,0
DTP,122CMP,w-COOH,0,v_shape,0
DTP,mCPP,w-ab,2,v_shape,0.000231241
DOcP,mOcP,mono,0,paternal,0
DOcP,mHOcP,w-1-OH,0,paternal,0
DOcP,mOOcP,w-1-oxo,0,paternal,0
DOcP,123CMP,w-COOH,0,paternal,0
DOcP,mCPP,w-ab,0,v_shape,0
